,seed,recommender,annotated,skipped,budget
0,0,Random,3.0,47,100
1,0,LinGreedy,9.0,12,100
2,0,LinUCB,10.0,5,100
3,0,TS,16.0,0,100
4,0,LinTS,13.0,9,100
5,0,ClustersTS(L=2),14.0,3,100
6,0,ClustersTS(L=5),11.0,3,100
7,0,ClustersTS(L=10),7.0,3,100
8,0,LSHNearest,10.0,10,100
9,0,Random,17.0,145,300
10,0,LinGreedy,61.0,19,300
11,0,LinUCB,66.0,13,300
12,0,TS,89.0,3,300
13,0,LinTS,63.0,15,300
14,0,ClustersTS(L=2),71.0,7,300
15,0,ClustersTS(L=5),71.0,7,300
16,0,ClustersTS(L=10),61.0,8,300
17,0,LSHNearest,65.0,25,300
18,0,Random,50.0,212,500
19,0,LinGreedy,137.0,47,500
20,0,LinUCB,144.0,28,500
21,0,TS,170.0,13,500
22,0,LinTS,140.0,27,500
23,0,ClustersTS(L=2),159.0,14,500
24,0,ClustersTS(L=5),145.0,13,500
25,0,ClustersTS(L=10),142.0,24,500
26,0,LSHNearest,146.0,41,500
27,0,Random,68.0,355,700
28,0,LinGreedy,211.0,62,700
29,0,LinUCB,241.0,32,700
30,0,TS,265.0,15,700
31,0,LinTS,222.0,51,700
32,0,ClustersTS(L=2),259.0,20,700
33,0,ClustersTS(L=5),233.0,17,700
34,0,ClustersTS(L=10),223.0,25,700
35,0,LSHNearest,221.0,68,700
36,0,Random,98.0,472,900
37,0,LinGreedy,304.0,90,900
38,0,LinUCB,321.0,64,900
39,0,TS,351.0,61,900
40,0,LinTS,315.0,84,900
41,0,ClustersTS(L=2),351.0,38,900
42,0,ClustersTS(L=5),343.0,34,900
43,0,ClustersTS(L=10),323.0,36,900
44,0,LSHNearest,299.0,103,900
45,0,Random,141.0,591,1100
46,0,LinGreedy,377.0,131,1100
47,0,LinUCB,422.0,98,1100
48,0,TS,386.0,197,1100
49,0,LinTS,404.0,132,1100
50,0,ClustersTS(L=2),433.0,111,1100
51,0,ClustersTS(L=5),427.0,59,1100
52,0,ClustersTS(L=10),417.0,77,1100
53,0,LSHNearest,376.0,157,1100
54,0,Random,165.0,704,1300
55,0,LinGreedy,445.0,224,1300
56,0,LinUCB,494.0,207,1300
57,0,TS,404.0,344,1300
58,0,LinTS,460.0,225,1300
59,0,ClustersTS(L=2),464.0,252,1300
60,0,ClustersTS(L=5),490.0,162,1300
61,0,ClustersTS(L=10),482.0,131,1300
62,0,LSHNearest,431.0,259,1300
63,0,Random,209.0,798,1500
64,0,LinGreedy,496.0,331,1500
65,0,LinUCB,514.0,376,1500
66,0,TS,423.0,516,1500
67,0,LinTS,502.0,371,1500
68,0,ClustersTS(L=2),474.0,432,1500
69,0,ClustersTS(L=5),521.0,288,1500
70,0,ClustersTS(L=10),539.0,226,1500
71,0,LSHNearest,470.0,380,1500
72,0,Random,235.0,947,1700
73,0,LinGreedy,523.0,478,1700
74,0,LinUCB,519.0,566,1700
75,0,TS,448.0,697,1700
76,0,LinTS,520.0,542,1700
77,0,ClustersTS(L=2),478.0,626,1700
78,0,ClustersTS(L=5),546.0,431,1700
79,0,ClustersTS(L=10),587.0,337,1700
80,0,LSHNearest,492.0,512,1700
81,0,Random,242.0,1093,1900
82,0,LinGreedy,532.0,665,1900
83,0,LinUCB,519.0,758,1900
84,0,TS,447.0,873,1900
85,0,LinTS,525.0,725,1900
86,0,ClustersTS(L=2),482.0,822,1900
87,0,ClustersTS(L=5),573.0,585,1900
88,0,ClustersTS(L=10),631.0,465,1900
89,0,LSHNearest,497.0,683,1900
90,1,Random,3.0,55,100
91,1,LinGreedy,12.0,9,100
92,1,LinUCB,10.0,3,100
93,1,TS,8.0,2,100
94,1,LinTS,9.0,7,100
95,1,ClustersTS(L=2),10.0,3,100
96,1,ClustersTS(L=5),8.0,3,100
97,1,ClustersTS(L=10),12.0,1,100
98,1,LSHNearest,11.0,11,100
99,1,Random,28.0,142,300
100,1,LinGreedy,67.0,20,300
101,1,LinUCB,68.0,15,300
102,1,TS,73.0,3,300
103,1,LinTS,66.0,13,300
104,1,ClustersTS(L=2),71.0,8,300
105,1,ClustersTS(L=5),69.0,7,300
106,1,ClustersTS(L=10),57.0,11,300
107,1,LSHNearest,63.0,28,300
108,1,Random,43.0,245,500
109,1,LinGreedy,129.0,37,500
110,1,LinUCB,148.0,23,500
111,1,TS,166.0,10,500
112,1,LinTS,139.0,35,500
113,1,ClustersTS(L=2),145.0,17,500
114,1,ClustersTS(L=5),143.0,12,500
115,1,ClustersTS(L=10),143.0,14,500
116,1,LSHNearest,130.0,41,500
117,1,Random,84.0,347,700
118,1,LinGreedy,210.0,57,700
119,1,LinUCB,233.0,36,700
120,1,TS,276.0,16,700
121,1,LinTS,219.0,55,700
122,1,ClustersTS(L=2),249.0,24,700
123,1,ClustersTS(L=5),228.0,21,700
124,1,ClustersTS(L=10),223.0,26,700
125,1,LSHNearest,227.0,59,700
126,1,Random,101.0,475,900
127,1,LinGreedy,307.0,89,900
128,1,LinUCB,332.0,66,900
129,1,TS,353.0,72,900
130,1,LinTS,316.0,74,900
131,1,ClustersTS(L=2),356.0,46,900
132,1,ClustersTS(L=5),339.0,39,900
133,1,ClustersTS(L=10),320.0,51,900
134,1,LSHNearest,307.0,86,900
135,1,Random,138.0,566,1100
136,1,LinGreedy,383.0,133,1100
137,1,LinUCB,433.0,84,1100
138,1,TS,383.0,206,1100
139,1,LinTS,410.0,128,1100
140,1,ClustersTS(L=2),430.0,112,1100
141,1,ClustersTS(L=5),435.0,79,1100
142,1,ClustersTS(L=10),413.0,69,1100
143,1,LSHNearest,389.0,131,1100
144,1,Random,175.0,680,1300
145,1,LinGreedy,456.0,205,1300
146,1,LinUCB,501.0,196,1300
147,1,TS,410.0,347,1300
148,1,LinTS,468.0,209,1300
149,1,ClustersTS(L=2),463.0,237,1300
150,1,ClustersTS(L=5),487.0,162,1300
151,1,ClustersTS(L=10),481.0,134,1300
152,1,LSHNearest,433.0,234,1300
153,1,Random,206.0,806,1500
154,1,LinGreedy,498.0,323,1500
155,1,LinUCB,517.0,358,1500
156,1,TS,416.0,521,1500
157,1,LinTS,507.0,371,1500
158,1,ClustersTS(L=2),478.0,430,1500
159,1,ClustersTS(L=5),522.0,278,1500
160,1,ClustersTS(L=10),531.0,232,1500
161,1,LSHNearest,462.0,382,1500
162,1,Random,245.0,950,1700
163,1,LinGreedy,524.0,472,1700
164,1,LinUCB,519.0,577,1700
165,1,TS,440.0,691,1700
166,1,LinTS,518.0,523,1700
167,1,ClustersTS(L=2),481.0,627,1700
168,1,ClustersTS(L=5),561.0,423,1700
169,1,ClustersTS(L=10),580.0,336,1700
170,1,LSHNearest,477.0,548,1700
171,1,Random,271.0,1079,1900
172,1,LinGreedy,541.0,632,1900
173,1,LinUCB,519.0,767,1900
174,1,TS,441.0,887,1900
175,1,LinTS,526.0,713,1900
176,1,ClustersTS(L=2),481.0,834,1900
177,1,ClustersTS(L=5),586.0,587,1900
178,1,ClustersTS(L=10),627.0,490,1900
179,1,LSHNearest,507.0,681,1900
180,2,Random,2.0,51,100
181,2,LinGreedy,7.0,7,100
182,2,LinUCB,7.0,8,100
183,2,TS,8.0,2,100
184,2,LinTS,12.0,6,100
185,2,ClustersTS(L=2),10.0,3,100
186,2,ClustersTS(L=5),12.0,0,100
187,2,ClustersTS(L=10),14.0,6,100
188,2,LSHNearest,12.0,6,100
189,2,Random,18.0,143,300
190,2,LinGreedy,62.0,31,300
191,2,LinUCB,57.0,11,300
192,2,TS,88.0,6,300
193,2,LinTS,67.0,14,300
194,2,ClustersTS(L=2),79.0,5,300
195,2,ClustersTS(L=5),71.0,8,300
196,2,ClustersTS(L=10),62.0,11,300
197,2,LSHNearest,57.0,24,300
198,2,Random,50.0,244,500
199,2,LinGreedy,133.0,44,500
200,2,LinUCB,144.0,21,500
201,2,TS,175.0,8,500
202,2,LinTS,153.0,29,500
203,2,ClustersTS(L=2),159.0,12,500
204,2,ClustersTS(L=5),149.0,6,500
205,2,ClustersTS(L=10),139.0,21,500
206,2,LSHNearest,125.0,51,500
207,2,Random,93.0,326,700
208,2,LinGreedy,209.0,61,700
209,2,LinUCB,251.0,32,700
210,2,TS,269.0,21,700
211,2,LinTS,233.0,35,700
212,2,ClustersTS(L=2),257.0,20,700
213,2,ClustersTS(L=5),250.0,17,700
214,2,ClustersTS(L=10),229.0,27,700
215,2,LSHNearest,218.0,67,700
216,2,Random,114.0,463,900
217,2,LinGreedy,292.0,104,900
218,2,LinUCB,318.0,64,900
219,2,TS,359.0,58,900
220,2,LinTS,317.0,80,900
221,2,ClustersTS(L=2),353.0,51,900
222,2,ClustersTS(L=5),341.0,39,900
223,2,ClustersTS(L=10),323.0,37,900
224,2,LSHNearest,300.0,104,900
225,2,Random,141.0,587,1100
226,2,LinGreedy,367.0,143,1100
227,2,LinUCB,430.0,110,1100
228,2,TS,385.0,199,1100
229,2,LinTS,395.0,126,1100
230,2,ClustersTS(L=2),438.0,103,1100
231,2,ClustersTS(L=5),438.0,61,1100
232,2,ClustersTS(L=10),417.0,77,1100
233,2,LSHNearest,382.0,144,1100
234,2,Random,169.0,698,1300
235,2,LinGreedy,439.0,230,1300
236,2,LinUCB,491.0,189,1300
237,2,TS,415.0,340,1300
238,2,LinTS,470.0,215,1300
239,2,ClustersTS(L=2),467.0,238,1300
240,2,ClustersTS(L=5),479.0,161,1300
241,2,ClustersTS(L=10),481.0,138,1300
242,2,LSHNearest,440.0,252,1300
243,2,Random,196.0,821,1500
244,2,LinGreedy,485.0,334,1500
245,2,LinUCB,517.0,374,1500
246,2,TS,415.0,524,1500
247,2,LinTS,506.0,360,1500
248,2,ClustersTS(L=2),476.0,421,1500
249,2,ClustersTS(L=5),517.0,295,1500
250,2,ClustersTS(L=10),544.0,214,1500
251,2,LSHNearest,465.0,385,1500
252,2,Random,236.0,951,1700
253,2,LinGreedy,526.0,462,1700
254,2,LinUCB,519.0,569,1700
255,2,TS,437.0,691,1700
256,2,LinTS,519.0,530,1700
257,2,ClustersTS(L=2),483.0,628,1700
258,2,ClustersTS(L=5),552.0,409,1700
259,2,ClustersTS(L=10),580.0,357,1700
260,2,LSHNearest,483.0,556,1700
261,2,Random,277.0,1080,1900
262,2,LinGreedy,538.0,625,1900
263,2,LinUCB,519.0,765,1900
264,2,TS,447.0,876,1900
265,2,LinTS,527.0,727,1900
266,2,ClustersTS(L=2),484.0,811,1900
267,2,ClustersTS(L=5),583.0,571,1900
268,2,ClustersTS(L=10),630.0,460,1900
269,2,LSHNearest,507.0,691,1900
270,3,Random,3.0,46,100
271,3,LinGreedy,9.0,10,100
272,3,LinUCB,14.0,3,100
273,3,TS,13.0,2,100
274,3,LinTS,12.0,6,100
275,3,ClustersTS(L=2),12.0,2,100
276,3,ClustersTS(L=5),9.0,0,100
277,3,ClustersTS(L=10),9.0,3,100
278,3,LSHNearest,11.0,7,100
279,3,Random,19.0,138,300
280,3,LinGreedy,68.0,26,300
281,3,LinUCB,68.0,16,300
282,3,TS,79.0,5,300
283,3,LinTS,71.0,13,300
284,3,ClustersTS(L=2),71.0,7,300
285,3,ClustersTS(L=5),69.0,7,300
286,3,ClustersTS(L=10),51.0,10,300
287,3,LSHNearest,61.0,29,300
288,3,Random,51.0,234,500
289,3,LinGreedy,138.0,38,500
290,3,LinUCB,155.0,17,500
291,3,TS,170.0,4,500
292,3,LinTS,139.0,31,500
293,3,ClustersTS(L=2),166.0,12,500
294,3,ClustersTS(L=5),160.0,11,500
295,3,ClustersTS(L=10),150.0,16,500
296,3,LSHNearest,142.0,39,500
297,3,Random,69.0,329,700
298,3,LinGreedy,215.0,62,700
299,3,LinUCB,239.0,26,700
300,3,TS,277.0,24,700
301,3,LinTS,229.0,50,700
302,3,ClustersTS(L=2),241.0,25,700
303,3,ClustersTS(L=5),242.0,25,700
304,3,ClustersTS(L=10),232.0,27,700
305,3,LSHNearest,216.0,57,700
306,3,Random,97.0,461,900
307,3,LinGreedy,307.0,91,900
308,3,LinUCB,329.0,57,900
309,3,TS,353.0,67,900
310,3,LinTS,317.0,82,900
311,3,ClustersTS(L=2),340.0,56,900
312,3,ClustersTS(L=5),341.0,34,900
313,3,ClustersTS(L=10),321.0,34,900
314,3,LSHNearest,299.0,98,900
315,3,Random,136.0,572,1100
316,3,LinGreedy,379.0,148,1100
317,3,LinUCB,422.0,110,1100
318,3,TS,384.0,199,1100
319,3,LinTS,410.0,124,1100
320,3,ClustersTS(L=2),430.0,114,1100
321,3,ClustersTS(L=5),440.0,69,1100
322,3,ClustersTS(L=10),396.0,69,1100
323,3,LSHNearest,384.0,165,1100
324,3,Random,165.0,704,1300
325,3,LinGreedy,443.0,217,1300
326,3,LinUCB,502.0,192,1300
327,3,TS,399.0,352,1300
328,3,LinTS,463.0,234,1300
329,3,ClustersTS(L=2),462.0,239,1300
330,3,ClustersTS(L=5),487.0,158,1300
331,3,ClustersTS(L=10),482.0,123,1300
332,3,LSHNearest,445.0,250,1300
333,3,Random,199.0,824,1500
334,3,LinGreedy,492.0,353,1500
335,3,LinUCB,518.0,375,1500
336,3,TS,421.0,514,1500
337,3,LinTS,502.0,350,1500
338,3,ClustersTS(L=2),477.0,438,1500
339,3,ClustersTS(L=5),526.0,281,1500
340,3,ClustersTS(L=10),546.0,206,1500
341,3,LSHNearest,467.0,413,1500
342,3,Random,241.0,916,1700
343,3,LinGreedy,520.0,486,1700
344,3,LinUCB,519.0,557,1700
345,3,TS,433.0,717,1700
346,3,LinTS,519.0,529,1700
347,3,ClustersTS(L=2),479.0,634,1700
348,3,ClustersTS(L=5),553.0,421,1700
349,3,ClustersTS(L=10),589.0,329,1700
350,3,LSHNearest,485.0,530,1700
351,3,Random,246.0,1107,1900
352,3,LinGreedy,542.0,633,1900
353,3,LinUCB,519.0,773,1900
354,3,TS,445.0,868,1900
355,3,LinTS,530.0,707,1900
356,3,ClustersTS(L=2),484.0,821,1900
357,3,ClustersTS(L=5),591.0,587,1900
358,3,ClustersTS(L=10),622.0,491,1900
359,3,LSHNearest,493.0,709,1900
360,4,Random,3.0,48,100
361,4,LinGreedy,11.0,9,100
362,4,LinUCB,11.0,5,100
363,4,TS,10.0,0,100
364,4,LinTS,12.0,4,100
365,4,ClustersTS(L=2),12.0,2,100
366,4,ClustersTS(L=5),14.0,1,100
367,4,ClustersTS(L=10),11.0,3,100
368,4,LSHNearest,10.0,6,100
369,4,Random,19.0,158,300
370,4,LinGreedy,72.0,20,300
371,4,LinUCB,71.0,18,300
372,4,TS,85.0,4,300
373,4,LinTS,70.0,13,300
374,4,ClustersTS(L=2),72.0,11,300
375,4,ClustersTS(L=5),66.0,7,300
376,4,ClustersTS(L=10),57.0,17,300
377,4,LSHNearest,64.0,18,300
378,4,Random,51.0,245,500
379,4,LinGreedy,124.0,57,500
380,4,LinUCB,153.0,25,500
381,4,TS,165.0,10,500
382,4,LinTS,137.0,39,500
383,4,ClustersTS(L=2),154.0,6,500
384,4,ClustersTS(L=5),150.0,8,500
385,4,ClustersTS(L=10),148.0,17,500
386,4,LSHNearest,137.0,29,500
387,4,Random,76.0,373,700
388,4,LinGreedy,212.0,64,700
389,4,LinUCB,242.0,43,700
390,4,TS,276.0,19,700
391,4,LinTS,227.0,45,700
392,4,ClustersTS(L=2),248.0,27,700
393,4,ClustersTS(L=5),248.0,19,700
394,4,ClustersTS(L=10),232.0,25,700
395,4,LSHNearest,225.0,57,700
396,4,Random,103.0,485,900
397,4,LinGreedy,282.0,99,900
398,4,LinUCB,329.0,58,900
399,4,TS,361.0,86,900
400,4,LinTS,321.0,75,900
401,4,ClustersTS(L=2),358.0,38,900
402,4,ClustersTS(L=5),346.0,22,900
403,4,ClustersTS(L=10),321.0,54,900
404,4,LSHNearest,304.0,92,900
405,4,Random,116.0,591,1100
406,4,LinGreedy,369.0,164,1100
407,4,LinUCB,410.0,111,1100
408,4,TS,384.0,200,1100
409,4,LinTS,403.0,114,1100
410,4,ClustersTS(L=2),432.0,103,1100
411,4,ClustersTS(L=5),436.0,67,1100
412,4,ClustersTS(L=10),411.0,71,1100
413,4,LSHNearest,390.0,163,1100
414,4,Random,162.0,723,1300
415,4,LinGreedy,445.0,230,1300
416,4,LinUCB,497.0,193,1300
417,4,TS,402.0,354,1300
418,4,LinTS,471.0,214,1300
419,4,ClustersTS(L=2),461.0,249,1300
420,4,ClustersTS(L=5),498.0,141,1300
421,4,ClustersTS(L=10),481.0,147,1300
422,4,LSHNearest,438.0,235,1300
423,4,Random,201.0,808,1500
424,4,LinGreedy,495.0,334,1500
425,4,LinUCB,516.0,363,1500
426,4,TS,415.0,529,1500
427,4,LinTS,502.0,357,1500
428,4,ClustersTS(L=2),474.0,436,1500
429,4,ClustersTS(L=5),531.0,269,1500
430,4,ClustersTS(L=10),537.0,219,1500
431,4,LSHNearest,462.0,376,1500
432,4,Random,240.0,939,1700
433,4,LinGreedy,519.0,488,1700
434,4,LinUCB,519.0,556,1700
435,4,TS,437.0,682,1700
436,4,LinTS,521.0,527,1700
437,4,ClustersTS(L=2),482.0,609,1700
438,4,ClustersTS(L=5),556.0,421,1700
439,4,ClustersTS(L=10),584.0,342,1700
440,4,LSHNearest,481.0,533,1700
441,4,Random,253.0,1110,1900
442,4,LinGreedy,538.0,640,1900
443,4,LinUCB,519.0,756,1900
444,4,TS,450.0,872,1900
445,4,LinTS,524.0,718,1900
446,4,ClustersTS(L=2),483.0,815,1900
447,4,ClustersTS(L=5),586.0,576,1900
448,4,ClustersTS(L=10),619.0,489,1900
449,4,LSHNearest,509.0,675,1900
450,5,Random,5.0,37,100
451,5,LinGreedy,12.0,8,100
452,5,LinUCB,14.0,3,100
453,5,TS,14.0,1,100
454,5,LinTS,12.0,3,100
455,5,ClustersTS(L=2),11.0,0,100
456,5,ClustersTS(L=5),11.0,0,100
457,5,ClustersTS(L=10),14.0,2,100
458,5,LSHNearest,12.0,6,100
459,5,Random,20.0,143,300
460,5,LinGreedy,64.0,23,300
461,5,LinUCB,70.0,5,300
462,5,TS,77.0,7,300
463,5,LinTS,59.0,16,300
464,5,ClustersTS(L=2),82.0,5,300
465,5,ClustersTS(L=5),65.0,8,300
466,5,ClustersTS(L=10),64.0,14,300
467,5,LSHNearest,65.0,20,300
468,5,Random,42.0,239,500
469,5,LinGreedy,126.0,44,500
470,5,LinUCB,150.0,16,500
471,5,TS,166.0,9,500
472,5,LinTS,140.0,36,500
473,5,ClustersTS(L=2),153.0,17,500
474,5,ClustersTS(L=5),155.0,13,500
475,5,ClustersTS(L=10),142.0,17,500
476,5,LSHNearest,135.0,35,500
477,5,Random,77.0,350,700
478,5,LinGreedy,219.0,70,700
479,5,LinUCB,238.0,33,700
480,5,TS,275.0,21,700
481,5,LinTS,236.0,35,700
482,5,ClustersTS(L=2),259.0,17,700
483,5,ClustersTS(L=5),245.0,22,700
484,5,ClustersTS(L=10),221.0,31,700
485,5,LSHNearest,216.0,64,700
486,5,Random,97.0,500,900
487,5,LinGreedy,287.0,95,900
488,5,LinUCB,339.0,53,900
489,5,TS,350.0,71,900
490,5,LinTS,324.0,74,900
491,5,ClustersTS(L=2),350.0,48,900
492,5,ClustersTS(L=5),343.0,36,900
493,5,ClustersTS(L=10),319.0,41,900
494,5,LSHNearest,306.0,92,900
495,5,Random,125.0,599,1100
496,5,LinGreedy,378.0,153,1100
497,5,LinUCB,426.0,99,1100
498,5,TS,382.0,198,1100
499,5,LinTS,404.0,135,1100
500,5,ClustersTS(L=2),429.0,119,1100
501,5,ClustersTS(L=5),433.0,69,1100
502,5,ClustersTS(L=10),411.0,67,1100
503,5,LSHNearest,381.0,160,1100
504,5,Random,169.0,699,1300
505,5,LinGreedy,448.0,225,1300
506,5,LinUCB,490.0,184,1300
507,5,TS,403.0,349,1300
508,5,LinTS,465.0,221,1300
509,5,ClustersTS(L=2),461.0,250,1300
510,5,ClustersTS(L=5),486.0,162,1300
511,5,ClustersTS(L=10),481.0,128,1300
512,5,LSHNearest,437.0,269,1300
513,5,Random,186.0,845,1500
514,5,LinGreedy,494.0,333,1500
515,5,LinUCB,519.0,356,1500
516,5,TS,429.0,517,1500
517,5,LinTS,501.0,365,1500
518,5,ClustersTS(L=2),474.0,435,1500
519,5,ClustersTS(L=5),526.0,294,1500
520,5,ClustersTS(L=10),563.0,199,1500
521,5,LSHNearest,467.0,400,1500
522,5,Random,229.0,977,1700
523,5,LinGreedy,524.0,471,1700
524,5,LinUCB,519.0,569,1700
525,5,TS,440.0,699,1700
526,5,LinTS,521.0,521,1700
527,5,ClustersTS(L=2),481.0,621,1700
528,5,ClustersTS(L=5),560.0,413,1700
529,5,ClustersTS(L=10),587.0,332,1700
530,5,LSHNearest,496.0,519,1700
531,5,Random,265.0,1091,1900
532,5,LinGreedy,540.0,624,1900
533,5,LinUCB,519.0,750,1900
534,5,TS,445.0,887,1900
535,5,LinTS,536.0,709,1900
536,5,ClustersTS(L=2),482.0,809,1900
537,5,ClustersTS(L=5),574.0,586,1900
538,5,ClustersTS(L=10),615.0,475,1900
539,5,LSHNearest,499.0,691,1900
540,6,Random,2.0,47,100
541,6,LinGreedy,10.0,11,100
542,6,LinUCB,14.0,4,100
543,6,TS,14.0,1,100
544,6,LinTS,10.0,5,100
545,6,ClustersTS(L=2),11.0,3,100
546,6,ClustersTS(L=5),14.0,3,100
547,6,ClustersTS(L=10),11.0,6,100
548,6,LSHNearest,8.0,5,100
549,6,Random,18.0,153,300
550,6,LinGreedy,55.0,25,300
551,6,LinUCB,72.0,15,300
552,6,TS,85.0,6,300
553,6,LinTS,65.0,15,300
554,6,ClustersTS(L=2),65.0,11,300
555,6,ClustersTS(L=5),70.0,10,300
556,6,ClustersTS(L=10),61.0,18,300
557,6,LSHNearest,62.0,15,300
558,6,Random,40.0,247,500
559,6,LinGreedy,135.0,36,500
560,6,LinUCB,149.0,17,500
561,6,TS,166.0,14,500
562,6,LinTS,146.0,30,500
563,6,ClustersTS(L=2),166.0,12,500
564,6,ClustersTS(L=5),146.0,13,500
565,6,ClustersTS(L=10),148.0,13,500
566,6,LSHNearest,146.0,33,500
567,6,Random,90.0,347,700
568,6,LinGreedy,214.0,53,700
569,6,LinUCB,240.0,22,700
570,6,TS,259.0,25,700
571,6,LinTS,220.0,64,700
572,6,ClustersTS(L=2),253.0,31,700
573,6,ClustersTS(L=5),245.0,19,700
574,6,ClustersTS(L=10),227.0,37,700
575,6,LSHNearest,228.0,54,700
576,6,Random,99.0,487,900
577,6,LinGreedy,289.0,105,900
578,6,LinUCB,346.0,52,900
579,6,TS,350.0,73,900
580,6,LinTS,323.0,78,900
581,6,ClustersTS(L=2),351.0,39,900
582,6,ClustersTS(L=5),343.0,30,900
583,6,ClustersTS(L=10),321.0,50,900
584,6,LSHNearest,320.0,84,900
585,6,Random,144.0,585,1100
586,6,LinGreedy,369.0,146,1100
587,6,LinUCB,437.0,86,1100
588,6,TS,391.0,186,1100
589,6,LinTS,400.0,127,1100
590,6,ClustersTS(L=2),423.0,120,1100
591,6,ClustersTS(L=5),432.0,68,1100
592,6,ClustersTS(L=10),405.0,76,1100
593,6,LSHNearest,384.0,163,1100
594,6,Random,155.0,690,1300
595,6,LinGreedy,450.0,228,1300
596,6,LinUCB,499.0,182,1300
597,6,TS,403.0,352,1300
598,6,LinTS,475.0,226,1300
599,6,ClustersTS(L=2),462.0,269,1300
600,6,ClustersTS(L=5),496.0,147,1300
601,6,ClustersTS(L=10),467.0,125,1300
602,6,LSHNearest,422.0,257,1300
603,6,Random,192.0,837,1500
604,6,LinGreedy,487.0,340,1500
605,6,LinUCB,516.0,367,1500
606,6,TS,431.0,516,1500
607,6,LinTS,501.0,359,1500
608,6,ClustersTS(L=2),474.0,423,1500
609,6,ClustersTS(L=5),530.0,264,1500
610,6,ClustersTS(L=10),537.0,218,1500
611,6,LSHNearest,464.0,378,1500
612,6,Random,228.0,969,1700
613,6,LinGreedy,519.0,473,1700
614,6,LinUCB,519.0,564,1700
615,6,TS,434.0,692,1700
616,6,LinTS,516.0,555,1700
617,6,ClustersTS(L=2),481.0,626,1700
618,6,ClustersTS(L=5),552.0,412,1700
619,6,ClustersTS(L=10),583.0,342,1700
620,6,LSHNearest,475.0,557,1700
621,6,Random,291.0,1079,1900
622,6,LinGreedy,537.0,633,1900
623,6,LinUCB,519.0,764,1900
624,6,TS,444.0,884,1900
625,6,LinTS,528.0,725,1900
626,6,ClustersTS(L=2),483.0,820,1900
627,6,ClustersTS(L=5),588.0,555,1900
628,6,ClustersTS(L=10),615.0,488,1900
629,6,LSHNearest,495.0,694,1900
630,7,Random,6.0,41,100
631,7,LinGreedy,14.0,10,100
632,7,LinUCB,13.0,4,100
633,7,TS,12.0,5,100
634,7,LinTS,10.0,10,100
635,7,ClustersTS(L=2),10.0,2,100
636,7,ClustersTS(L=5),14.0,0,100
637,7,ClustersTS(L=10),9.0,4,100
638,7,LSHNearest,11.0,10,100
639,7,Random,22.0,142,300
640,7,LinGreedy,64.0,23,300
641,7,LinUCB,65.0,14,300
642,7,TS,87.0,8,300
643,7,LinTS,66.0,15,300
644,7,ClustersTS(L=2),63.0,5,300
645,7,ClustersTS(L=5),67.0,5,300
646,7,ClustersTS(L=10),70.0,10,300
647,7,LSHNearest,62.0,23,300
648,7,Random,48.0,244,500
649,7,LinGreedy,133.0,49,500
650,7,LinUCB,142.0,24,500
651,7,TS,168.0,16,500
652,7,LinTS,148.0,28,500
653,7,ClustersTS(L=2),169.0,16,500
654,7,ClustersTS(L=5),143.0,13,500
655,7,ClustersTS(L=10),142.0,14,500
656,7,LSHNearest,138.0,37,500
657,7,Random,71.0,360,700
658,7,LinGreedy,210.0,65,700
659,7,LinUCB,239.0,25,700
660,7,TS,265.0,19,700
661,7,LinTS,217.0,63,700
662,7,ClustersTS(L=2),248.0,28,700
663,7,ClustersTS(L=5),244.0,24,700
664,7,ClustersTS(L=10),227.0,25,700
665,7,LSHNearest,213.0,70,700
666,7,Random,103.0,467,900
667,7,LinGreedy,299.0,99,900
668,7,LinUCB,336.0,43,900
669,7,TS,361.0,91,900
670,7,LinTS,334.0,72,900
671,7,ClustersTS(L=2),347.0,53,900
672,7,ClustersTS(L=5),337.0,35,900
673,7,ClustersTS(L=10),321.0,51,900
674,7,LSHNearest,319.0,79,900
675,7,Random,149.0,558,1100
676,7,LinGreedy,381.0,135,1100
677,7,LinUCB,429.0,95,1100
678,7,TS,389.0,195,1100
679,7,LinTS,399.0,124,1100
680,7,ClustersTS(L=2),424.0,123,1100
681,7,ClustersTS(L=5),429.0,67,1100
682,7,ClustersTS(L=10),406.0,90,1100
683,7,LSHNearest,387.0,154,1100
684,7,Random,180.0,684,1300
685,7,LinGreedy,446.0,243,1300
686,7,LinUCB,490.0,196,1300
687,7,TS,409.0,350,1300
688,7,LinTS,461.0,233,1300
689,7,ClustersTS(L=2),454.0,259,1300
690,7,ClustersTS(L=5),482.0,177,1300
691,7,ClustersTS(L=10),484.0,140,1300
692,7,LSHNearest,439.0,245,1300
693,7,Random,207.0,774,1500
694,7,LinGreedy,486.0,341,1500
695,7,LinUCB,516.0,382,1500
696,7,TS,422.0,511,1500
697,7,LinTS,503.0,350,1500
698,7,ClustersTS(L=2),472.0,424,1500
699,7,ClustersTS(L=5),526.0,271,1500
700,7,ClustersTS(L=10),535.0,229,1500
701,7,LSHNearest,453.0,403,1500
702,7,Random,230.0,954,1700
703,7,LinGreedy,515.0,475,1700
704,7,LinUCB,519.0,557,1700
705,7,TS,437.0,686,1700
706,7,LinTS,520.0,528,1700
707,7,ClustersTS(L=2),482.0,620,1700
708,7,ClustersTS(L=5),556.0,435,1700
709,7,ClustersTS(L=10),591.0,335,1700
710,7,LSHNearest,486.0,525,1700
711,7,Random,260.0,1083,1900
712,7,LinGreedy,533.0,640,1900
713,7,LinUCB,519.0,762,1900
714,7,TS,450.0,882,1900
715,7,LinTS,527.0,730,1900
716,7,ClustersTS(L=2),483.0,824,1900
717,7,ClustersTS(L=5),573.0,580,1900
718,7,ClustersTS(L=10),623.0,488,1900
719,7,LSHNearest,509.0,671,1900
720,8,Random,5.0,44,100
721,8,LinGreedy,10.0,7,100
722,8,LinUCB,9.0,5,100
723,8,TS,14.0,5,100
724,8,LinTS,12.0,5,100
725,8,ClustersTS(L=2),13.0,0,100
726,8,ClustersTS(L=5),8.0,1,100
727,8,ClustersTS(L=10),10.0,4,100
728,8,LSHNearest,14.0,6,100
729,8,Random,20.0,158,300
730,8,LinGreedy,67.0,28,300
731,8,LinUCB,65.0,10,300
732,8,TS,69.0,5,300
733,8,LinTS,72.0,24,300
734,8,ClustersTS(L=2),68.0,9,300
735,8,ClustersTS(L=5),69.0,9,300
736,8,ClustersTS(L=10),61.0,16,300
737,8,LSHNearest,69.0,18,300
738,8,Random,49.0,237,500
739,8,LinGreedy,132.0,39,500
740,8,LinUCB,144.0,37,500
741,8,TS,160.0,14,500
742,8,LinTS,139.0,30,500
743,8,ClustersTS(L=2),162.0,11,500
744,8,ClustersTS(L=5),158.0,12,500
745,8,ClustersTS(L=10),138.0,15,500
746,8,LSHNearest,136.0,42,500
747,8,Random,76.0,356,700
748,8,LinGreedy,210.0,66,700
749,8,LinUCB,231.0,41,700
750,8,TS,268.0,21,700
751,8,LinTS,221.0,54,700
752,8,ClustersTS(L=2),252.0,20,700
753,8,ClustersTS(L=5),249.0,17,700
754,8,ClustersTS(L=10),218.0,27,700
755,8,LSHNearest,221.0,59,700
756,8,Random,110.0,437,900
757,8,LinGreedy,283.0,120,900
758,8,LinUCB,324.0,56,900
759,8,TS,349.0,72,900
760,8,LinTS,308.0,78,900
761,8,ClustersTS(L=2),350.0,60,900
762,8,ClustersTS(L=5),344.0,31,900
763,8,ClustersTS(L=10),319.0,55,900
764,8,LSHNearest,305.0,92,900
765,8,Random,142.0,564,1100
766,8,LinGreedy,362.0,150,1100
767,8,LinUCB,428.0,102,1100
768,8,TS,383.0,210,1100
769,8,LinTS,392.0,120,1100
770,8,ClustersTS(L=2),423.0,114,1100
771,8,ClustersTS(L=5),428.0,78,1100
772,8,ClustersTS(L=10),412.0,77,1100
773,8,LSHNearest,381.0,162,1100
774,8,Random,178.0,684,1300
775,8,LinGreedy,430.0,230,1300
776,8,LinUCB,495.0,191,1300
777,8,TS,403.0,354,1300
778,8,LinTS,472.0,208,1300
779,8,ClustersTS(L=2),462.0,244,1300
780,8,ClustersTS(L=5),496.0,144,1300
781,8,ClustersTS(L=10),486.0,128,1300
782,8,LSHNearest,427.0,263,1300
783,8,Random,202.0,823,1500
784,8,LinGreedy,493.0,323,1500
785,8,LinUCB,516.0,370,1500
786,8,TS,424.0,510,1500
787,8,LinTS,505.0,368,1500
788,8,ClustersTS(L=2),472.0,432,1500
789,8,ClustersTS(L=5),515.0,291,1500
790,8,ClustersTS(L=10),545.0,214,1500
791,8,LSHNearest,470.0,365,1500
792,8,Random,230.0,961,1700
793,8,LinGreedy,518.0,488,1700
794,8,LinUCB,519.0,557,1700
795,8,TS,441.0,684,1700
796,8,LinTS,522.0,530,1700
797,8,ClustersTS(L=2),476.0,628,1700
798,8,ClustersTS(L=5),556.0,438,1700
799,8,ClustersTS(L=10),586.0,324,1700
800,8,LSHNearest,478.0,530,1700
801,8,Random,271.0,1053,1900
802,8,LinGreedy,535.0,618,1900
803,8,LinUCB,519.0,757,1900
804,8,TS,448.0,870,1900
805,8,LinTS,530.0,715,1900
806,8,ClustersTS(L=2),482.0,805,1900
807,8,ClustersTS(L=5),585.0,578,1900
808,8,ClustersTS(L=10),615.0,488,1900
809,8,LSHNearest,510.0,687,1900
810,9,Random,3.0,56,100
811,9,LinGreedy,10.0,10,100
812,9,LinUCB,8.0,6,100
813,9,TS,16.0,0,100
814,9,LinTS,11.0,3,100
815,9,ClustersTS(L=2),10.0,7,100
816,9,ClustersTS(L=5),9.0,4,100
817,9,ClustersTS(L=10),9.0,3,100
818,9,LSHNearest,12.0,13,100
819,9,Random,22.0,145,300
820,9,LinGreedy,61.0,28,300
821,9,LinUCB,68.0,13,300
822,9,TS,73.0,7,300
823,9,LinTS,55.0,19,300
824,9,ClustersTS(L=2),68.0,6,300
825,9,ClustersTS(L=5),63.0,12,300
826,9,ClustersTS(L=10),64.0,8,300
827,9,LSHNearest,67.0,20,300
828,9,Random,43.0,248,500
829,9,LinGreedy,132.0,45,500
830,9,LinUCB,155.0,19,500
831,9,TS,171.0,14,500
832,9,LinTS,146.0,30,500
833,9,ClustersTS(L=2),151.0,8,500
834,9,ClustersTS(L=5),148.0,9,500
835,9,ClustersTS(L=10),147.0,15,500
836,9,LSHNearest,132.0,38,500
837,9,Random,63.0,369,700
838,9,LinGreedy,199.0,71,700
839,9,LinUCB,226.0,42,700
840,9,TS,270.0,22,700
841,9,LinTS,222.0,42,700
842,9,ClustersTS(L=2),250.0,15,700
843,9,ClustersTS(L=5),238.0,24,700
844,9,ClustersTS(L=10),219.0,28,700
845,9,LSHNearest,218.0,61,700
846,9,Random,102.0,485,900
847,9,LinGreedy,300.0,89,900
848,9,LinUCB,324.0,58,900
849,9,TS,356.0,69,900
850,9,LinTS,316.0,74,900
851,9,ClustersTS(L=2),356.0,48,900
852,9,ClustersTS(L=5),342.0,35,900
853,9,ClustersTS(L=10),312.0,53,900
854,9,LSHNearest,299.0,98,900
855,9,Random,143.0,571,1100
856,9,LinGreedy,374.0,144,1100
857,9,LinUCB,431.0,91,1100
858,9,TS,385.0,203,1100
859,9,LinTS,402.0,132,1100
860,9,ClustersTS(L=2),421.0,120,1100
861,9,ClustersTS(L=5),432.0,63,1100
862,9,ClustersTS(L=10),403.0,89,1100
863,9,LSHNearest,380.0,159,1100
864,9,Random,172.0,705,1300
865,9,LinGreedy,434.0,237,1300
866,9,LinUCB,496.0,202,1300
867,9,TS,412.0,344,1300
868,9,LinTS,469.0,225,1300
869,9,ClustersTS(L=2),456.0,241,1300
870,9,ClustersTS(L=5),491.0,149,1300
871,9,ClustersTS(L=10),478.0,133,1300
872,9,LSHNearest,437.0,251,1300
873,9,Random,194.0,826,1500
874,9,LinGreedy,485.0,328,1500
875,9,LinUCB,519.0,361,1500
876,9,TS,427.0,510,1500
877,9,LinTS,505.0,369,1500
878,9,ClustersTS(L=2),477.0,427,1500
879,9,ClustersTS(L=5),510.0,300,1500
880,9,ClustersTS(L=10),547.0,221,1500
881,9,LSHNearest,476.0,369,1500
882,9,Random,212.0,967,1700
883,9,LinGreedy,519.0,491,1700
884,9,LinUCB,519.0,568,1700
885,9,TS,439.0,688,1700
886,9,LinTS,524.0,535,1700
887,9,ClustersTS(L=2),479.0,627,1700
888,9,ClustersTS(L=5),561.0,425,1700
889,9,ClustersTS(L=10),599.0,326,1700
890,9,LSHNearest,487.0,507,1700
891,9,Random,261.0,1058,1900
892,9,LinGreedy,541.0,643,1900
893,9,LinUCB,519.0,771,1900
894,9,TS,450.0,871,1900
895,9,LinTS,529.0,722,1900
896,9,ClustersTS(L=2),483.0,814,1900
897,9,ClustersTS(L=5),587.0,563,1900
898,9,ClustersTS(L=10),610.0,487,1900
899,9,LSHNearest,505.0,662,1900
900,10,Random,3.0,53,100
901,10,LinGreedy,9.0,10,100
902,10,LinUCB,13.0,7,100
903,10,TS,15.0,3,100
904,10,LinTS,10.0,5,100
905,10,ClustersTS(L=2),15.0,1,100
906,10,ClustersTS(L=5),10.0,0,100
907,10,ClustersTS(L=10),10.0,1,100
908,10,LSHNearest,11.0,8,100
909,10,Random,25.0,148,300
910,10,LinGreedy,63.0,22,300
911,10,LinUCB,70.0,10,300
912,10,TS,83.0,8,300
913,10,LinTS,63.0,16,300
914,10,ClustersTS(L=2),68.0,7,300
915,10,ClustersTS(L=5),79.0,11,300
916,10,ClustersTS(L=10),68.0,12,300
917,10,LSHNearest,71.0,13,300
918,10,Random,53.0,234,500
919,10,LinGreedy,155.0,37,500
920,10,LinUCB,154.0,21,500
921,10,TS,162.0,15,500
922,10,LinTS,137.0,26,500
923,10,ClustersTS(L=2),157.0,14,500
924,10,ClustersTS(L=5),159.0,10,500
925,10,ClustersTS(L=10),143.0,14,500
926,10,LSHNearest,137.0,41,500
927,10,Random,82.0,342,700
928,10,LinGreedy,213.0,66,700
929,10,LinUCB,230.0,31,700
930,10,TS,264.0,19,700
931,10,LinTS,232.0,50,700
932,10,ClustersTS(L=2),264.0,21,700
933,10,ClustersTS(L=5),246.0,24,700
934,10,ClustersTS(L=10),244.0,24,700
935,10,LSHNearest,213.0,67,700
936,10,Random,107.0,446,900
937,10,LinGreedy,292.0,110,900
938,10,LinUCB,313.0,65,900
939,10,TS,352.0,67,900
940,10,LinTS,321.0,71,900
941,10,ClustersTS(L=2),360.0,53,900
942,10,ClustersTS(L=5),345.0,36,900
943,10,ClustersTS(L=10),334.0,42,900
944,10,LSHNearest,322.0,83,900
945,10,Random,141.0,584,1100
946,10,LinGreedy,372.0,139,1100
947,10,LinUCB,422.0,102,1100
948,10,TS,385.0,203,1100
949,10,LinTS,412.0,114,1100
950,10,ClustersTS(L=2),425.0,109,1100
951,10,ClustersTS(L=5),445.0,68,1100
952,10,ClustersTS(L=10),411.0,75,1100
953,10,LSHNearest,377.0,153,1100
954,10,Random,181.0,665,1300
955,10,LinGreedy,447.0,220,1300
956,10,LinUCB,499.0,196,1300
957,10,TS,396.0,358,1300
958,10,LinTS,473.0,195,1300
959,10,ClustersTS(L=2),466.0,246,1300
960,10,ClustersTS(L=5),479.0,164,1300
961,10,ClustersTS(L=10),478.0,140,1300
962,10,LSHNearest,432.0,261,1300
963,10,Random,189.0,814,1500
964,10,LinGreedy,503.0,329,1500
965,10,LinUCB,516.0,363,1500
966,10,TS,422.0,517,1500
967,10,LinTS,504.0,349,1500
968,10,ClustersTS(L=2),476.0,438,1500
969,10,ClustersTS(L=5),526.0,270,1500
970,10,ClustersTS(L=10),552.0,211,1500
971,10,LSHNearest,462.0,406,1500
972,10,Random,228.0,938,1700
973,10,LinGreedy,524.0,485,1700
974,10,LinUCB,519.0,562,1700
975,10,TS,445.0,669,1700
976,10,LinTS,526.0,532,1700
977,10,ClustersTS(L=2),482.0,612,1700
978,10,ClustersTS(L=5),555.0,419,1700
979,10,ClustersTS(L=10),582.0,342,1700
980,10,LSHNearest,487.0,522,1700
981,10,Random,260.0,1061,1900
982,10,LinGreedy,546.0,617,1900
983,10,LinUCB,519.0,756,1900
984,10,TS,447.0,879,1900
985,10,LinTS,532.0,704,1900
986,10,ClustersTS(L=2),482.0,837,1900
987,10,ClustersTS(L=5),579.0,561,1900
988,10,ClustersTS(L=10),628.0,467,1900
989,10,LSHNearest,506.0,669,1900
990,11,Random,5.0,49,100
991,11,LinGreedy,12.0,13,100
992,11,LinUCB,11.0,2,100
993,11,TS,17.0,0,100
994,11,LinTS,12.0,4,100
995,11,ClustersTS(L=2),17.0,2,100
996,11,ClustersTS(L=5),11.0,0,100
997,11,ClustersTS(L=10),9.0,4,100
998,11,LSHNearest,11.0,8,100
999,11,Random,22.0,150,300
1000,11,LinGreedy,61.0,19,300
1001,11,LinUCB,69.0,10,300
1002,11,TS,81.0,8,300
1003,11,LinTS,63.0,13,300
1004,11,ClustersTS(L=2),73.0,3,300
1005,11,ClustersTS(L=5),71.0,4,300
1006,11,ClustersTS(L=10),64.0,10,300
1007,11,LSHNearest,69.0,21,300
1008,11,Random,44.0,261,500
1009,11,LinGreedy,122.0,50,500
1010,11,LinUCB,138.0,34,500
1011,11,TS,171.0,10,500
1012,11,LinTS,145.0,23,500
1013,11,ClustersTS(L=2),159.0,17,500
1014,11,ClustersTS(L=5),138.0,12,500
1015,11,ClustersTS(L=10),137.0,30,500
1016,11,LSHNearest,139.0,35,500
1017,11,Random,77.0,342,700
1018,11,LinGreedy,208.0,69,700
1019,11,LinUCB,232.0,32,700
1020,11,TS,260.0,26,700
1021,11,LinTS,229.0,38,700
1022,11,ClustersTS(L=2),252.0,16,700
1023,11,ClustersTS(L=5),249.0,19,700
1024,11,ClustersTS(L=10),230.0,27,700
1025,11,LSHNearest,236.0,59,700
1026,11,Random,105.0,476,900
1027,11,LinGreedy,309.0,91,900
1028,11,LinUCB,341.0,51,900
1029,11,TS,351.0,75,900
1030,11,LinTS,317.0,70,900
1031,11,ClustersTS(L=2),352.0,40,900
1032,11,ClustersTS(L=5),346.0,36,900
1033,11,ClustersTS(L=10),311.0,42,900
1034,11,LSHNearest,314.0,95,900
1035,11,Random,147.0,565,1100
1036,11,LinGreedy,381.0,140,1100
1037,11,LinUCB,432.0,98,1100
1038,11,TS,381.0,219,1100
1039,11,LinTS,405.0,122,1100
1040,11,ClustersTS(L=2),430.0,121,1100
1041,11,ClustersTS(L=5),437.0,63,1100
1042,11,ClustersTS(L=10),416.0,59,1100
1043,11,LSHNearest,376.0,156,1100
1044,11,Random,158.0,719,1300
1045,11,LinGreedy,444.0,232,1300
1046,11,LinUCB,499.0,198,1300
1047,11,TS,407.0,345,1300
1048,11,LinTS,473.0,219,1300
1049,11,ClustersTS(L=2),465.0,269,1300
1050,11,ClustersTS(L=5),494.0,150,1300
1051,11,ClustersTS(L=10),474.0,147,1300
1052,11,LSHNearest,434.0,251,1300
1053,11,Random,200.0,804,1500
1054,11,LinGreedy,485.0,355,1500
1055,11,LinUCB,517.0,356,1500
1056,11,TS,419.0,527,1500
1057,11,LinTS,505.0,356,1500
1058,11,ClustersTS(L=2),478.0,427,1500
1059,11,ClustersTS(L=5),533.0,295,1500
1060,11,ClustersTS(L=10),555.0,215,1500
1061,11,LSHNearest,462.0,395,1500
1062,11,Random,237.0,939,1700
1063,11,LinGreedy,506.0,492,1700
1064,11,LinUCB,519.0,569,1700
1065,11,TS,429.0,705,1700
1066,11,LinTS,518.0,529,1700
1067,11,ClustersTS(L=2),483.0,622,1700
1068,11,ClustersTS(L=5),558.0,410,1700
1069,11,ClustersTS(L=10),583.0,348,1700
1070,11,LSHNearest,487.0,542,1700
1071,11,Random,269.0,1067,1900
1072,11,LinGreedy,544.0,626,1900
1073,11,LinUCB,519.0,766,1900
1074,11,TS,441.0,875,1900
1075,11,LinTS,529.0,724,1900
1076,11,ClustersTS(L=2),482.0,826,1900
1077,11,ClustersTS(L=5),583.0,574,1900
1078,11,ClustersTS(L=10),612.0,483,1900
1079,11,LSHNearest,498.0,692,1900
1080,12,Random,3.0,53,100
1081,12,LinGreedy,7.0,7,100
1082,12,LinUCB,15.0,2,100
1083,12,TS,12.0,1,100
1084,12,LinTS,9.0,6,100
1085,12,ClustersTS(L=2),19.0,1,100
1086,12,ClustersTS(L=5),9.0,4,100
1087,12,ClustersTS(L=10),7.0,3,100
1088,12,LSHNearest,10.0,4,100
1089,12,Random,23.0,151,300
1090,12,LinGreedy,59.0,30,300
1091,12,LinUCB,84.0,14,300
1092,12,TS,74.0,10,300
1093,12,LinTS,68.0,12,300
1094,12,ClustersTS(L=2),79.0,11,300
1095,12,ClustersTS(L=5),69.0,8,300
1096,12,ClustersTS(L=10),62.0,14,300
1097,12,LSHNearest,58.0,29,300
1098,12,Random,46.0,251,500
1099,12,LinGreedy,132.0,46,500
1100,12,LinUCB,155.0,25,500
1101,12,TS,164.0,12,500
1102,12,LinTS,138.0,31,500
1103,12,ClustersTS(L=2),158.0,14,500
1104,12,ClustersTS(L=5),145.0,18,500
1105,12,ClustersTS(L=10),143.0,16,500
1106,12,LSHNearest,133.0,49,500
1107,12,Random,71.0,352,700
1108,12,LinGreedy,199.0,67,700
1109,12,LinUCB,232.0,32,700
1110,12,TS,273.0,22,700
1111,12,LinTS,219.0,48,700
1112,12,ClustersTS(L=2),254.0,24,700
1113,12,ClustersTS(L=5),236.0,24,700
1114,12,ClustersTS(L=10),226.0,30,700
1115,12,LSHNearest,220.0,61,700
1116,12,Random,104.0,486,900
1117,12,LinGreedy,290.0,101,900
1118,12,LinUCB,331.0,45,900
1119,12,TS,358.0,64,900
1120,12,LinTS,326.0,74,900
1121,12,ClustersTS(L=2),348.0,46,900
1122,12,ClustersTS(L=5),339.0,33,900
1123,12,ClustersTS(L=10),324.0,49,900
1124,12,LSHNearest,296.0,111,900
1125,12,Random,140.0,578,1100
1126,12,LinGreedy,367.0,152,1100
1127,12,LinUCB,421.0,94,1100
1128,12,TS,384.0,202,1100
1129,12,LinTS,402.0,128,1100
1130,12,ClustersTS(L=2),432.0,104,1100
1131,12,ClustersTS(L=5),437.0,65,1100
1132,12,ClustersTS(L=10),399.0,87,1100
1133,12,LSHNearest,381.0,169,1100
1134,12,Random,166.0,694,1300
1135,12,LinGreedy,442.0,230,1300
1136,12,LinUCB,493.0,197,1300
1137,12,TS,401.0,362,1300
1138,12,LinTS,474.0,222,1300
1139,12,ClustersTS(L=2),466.0,247,1300
1140,12,ClustersTS(L=5),484.0,163,1300
1141,12,ClustersTS(L=10),480.0,132,1300
1142,12,LSHNearest,438.0,259,1300
1143,12,Random,204.0,836,1500
1144,12,LinGreedy,490.0,325,1500
1145,12,LinUCB,514.0,368,1500
1146,12,TS,416.0,511,1500
1147,12,LinTS,501.0,364,1500
1148,12,ClustersTS(L=2),476.0,444,1500
1149,12,ClustersTS(L=5),523.0,286,1500
1150,12,ClustersTS(L=10),551.0,202,1500
1151,12,LSHNearest,467.0,381,1500
1152,12,Random,235.0,936,1700
1153,12,LinGreedy,517.0,477,1700
1154,12,LinUCB,519.0,559,1700
1155,12,TS,433.0,700,1700
1156,12,LinTS,522.0,528,1700
1157,12,ClustersTS(L=2),480.0,628,1700
1158,12,ClustersTS(L=5),550.0,426,1700
1159,12,ClustersTS(L=10),592.0,328,1700
1160,12,LSHNearest,490.0,537,1700
1161,12,Random,258.0,1065,1900
1162,12,LinGreedy,534.0,627,1900
1163,12,LinUCB,519.0,768,1900
1164,12,TS,448.0,891,1900
1165,12,LinTS,525.0,730,1900
1166,12,ClustersTS(L=2),483.0,822,1900
1167,12,ClustersTS(L=5),577.0,583,1900
1168,12,ClustersTS(L=10),614.0,494,1900
1169,12,LSHNearest,506.0,672,1900
1170,13,Random,5.0,44,100
1171,13,LinGreedy,10.0,11,100
1172,13,LinUCB,14.0,2,100
1173,13,TS,14.0,1,100
1174,13,LinTS,11.0,7,100
1175,13,ClustersTS(L=2),11.0,2,100
1176,13,ClustersTS(L=5),13.0,2,100
1177,13,ClustersTS(L=10),11.0,7,100
1178,13,LSHNearest,7.0,8,100
1179,13,Random,22.0,136,300
1180,13,LinGreedy,61.0,29,300
1181,13,LinUCB,68.0,9,300
1182,13,TS,81.0,3,300
1183,13,LinTS,70.0,16,300
1184,13,ClustersTS(L=2),72.0,7,300
1185,13,ClustersTS(L=5),67.0,8,300
1186,13,ClustersTS(L=10),66.0,12,300
1187,13,LSHNearest,66.0,25,300
1188,13,Random,51.0,231,500
1189,13,LinGreedy,143.0,48,500
1190,13,LinUCB,149.0,21,500
1191,13,TS,163.0,14,500
1192,13,LinTS,151.0,33,500
1193,13,ClustersTS(L=2),155.0,16,500
1194,13,ClustersTS(L=5),149.0,16,500
1195,13,ClustersTS(L=10),132.0,13,500
1196,13,LSHNearest,144.0,33,500
1197,13,Random,69.0,354,700
1198,13,LinGreedy,221.0,61,700
1199,13,LinUCB,245.0,29,700
1200,13,TS,273.0,23,700
1201,13,LinTS,239.0,47,700
1202,13,ClustersTS(L=2),247.0,25,700
1203,13,ClustersTS(L=5),235.0,25,700
1204,13,ClustersTS(L=10),224.0,27,700
1205,13,LSHNearest,225.0,49,700
1206,13,Random,109.0,465,900
1207,13,LinGreedy,307.0,93,900
1208,13,LinUCB,334.0,63,900
1209,13,TS,349.0,66,900
1210,13,LinTS,316.0,69,900
1211,13,ClustersTS(L=2),353.0,29,900
1212,13,ClustersTS(L=5),339.0,31,900
1213,13,ClustersTS(L=10),327.0,41,900
1214,13,LSHNearest,308.0,93,900
1215,13,Random,139.0,573,1100
1216,13,LinGreedy,373.0,160,1100
1217,13,LinUCB,427.0,93,1100
1218,13,TS,382.0,206,1100
1219,13,LinTS,384.0,138,1100
1220,13,ClustersTS(L=2),429.0,106,1100
1221,13,ClustersTS(L=5),437.0,64,1100
1222,13,ClustersTS(L=10),406.0,83,1100
1223,13,LSHNearest,384.0,163,1100
1224,13,Random,173.0,681,1300
1225,13,LinGreedy,432.0,223,1300
1226,13,LinUCB,489.0,207,1300
1227,13,TS,401.0,342,1300
1228,13,LinTS,469.0,220,1300
1229,13,ClustersTS(L=2),471.0,241,1300
1230,13,ClustersTS(L=5),484.0,163,1300
1231,13,ClustersTS(L=10),483.0,142,1300
1232,13,LSHNearest,437.0,243,1300
1233,13,Random,216.0,799,1500
1234,13,LinGreedy,488.0,343,1500
1235,13,LinUCB,519.0,359,1500
1236,13,TS,424.0,518,1500
1237,13,LinTS,498.0,368,1500
1238,13,ClustersTS(L=2),475.0,441,1500
1239,13,ClustersTS(L=5),526.0,267,1500
1240,13,ClustersTS(L=10),541.0,235,1500
1241,13,LSHNearest,465.0,372,1500
1242,13,Random,234.0,949,1700
1243,13,LinGreedy,517.0,470,1700
1244,13,LinUCB,519.0,575,1700
1245,13,TS,442.0,698,1700
1246,13,LinTS,516.0,542,1700
1247,13,ClustersTS(L=2),476.0,622,1700
1248,13,ClustersTS(L=5),557.0,412,1700
1249,13,ClustersTS(L=10),578.0,344,1700
1250,13,LSHNearest,489.0,541,1700
1251,13,Random,256.0,1079,1900
1252,13,LinGreedy,540.0,610,1900
1253,13,LinUCB,519.0,751,1900
1254,13,TS,446.0,891,1900
1255,13,LinTS,523.0,723,1900
1256,13,ClustersTS(L=2),482.0,814,1900
1257,13,ClustersTS(L=5),579.0,572,1900
1258,13,ClustersTS(L=10),611.0,482,1900
1259,13,LSHNearest,501.0,668,1900
1260,14,Random,5.0,43,100
1261,14,LinGreedy,9.0,7,100
1262,14,LinUCB,12.0,3,100
1263,14,TS,16.0,3,100
1264,14,LinTS,15.0,5,100
1265,14,ClustersTS(L=2),11.0,1,100
1266,14,ClustersTS(L=5),13.0,1,100
1267,14,ClustersTS(L=10),8.0,3,100
1268,14,LSHNearest,13.0,5,100
1269,14,Random,24.0,156,300
1270,14,LinGreedy,60.0,39,300
1271,14,LinUCB,70.0,12,300
1272,14,TS,81.0,10,300
1273,14,LinTS,59.0,25,300
1274,14,ClustersTS(L=2),70.0,10,300
1275,14,ClustersTS(L=5),67.0,5,300
1276,14,ClustersTS(L=10),59.0,10,300
1277,14,LSHNearest,61.0,14,300
1278,14,Random,53.0,250,500
1279,14,LinGreedy,139.0,40,500
1280,14,LinUCB,149.0,22,500
1281,14,TS,167.0,10,500
1282,14,LinTS,140.0,30,500
1283,14,ClustersTS(L=2),151.0,9,500
1284,14,ClustersTS(L=5),146.0,11,500
1285,14,ClustersTS(L=10),148.0,19,500
1286,14,LSHNearest,142.0,37,500
1287,14,Random,80.0,370,700
1288,14,LinGreedy,211.0,70,700
1289,14,LinUCB,229.0,37,700
1290,14,TS,274.0,14,700
1291,14,LinTS,231.0,40,700
1292,14,ClustersTS(L=2),253.0,23,700
1293,14,ClustersTS(L=5),244.0,17,700
1294,14,ClustersTS(L=10),228.0,39,700
1295,14,LSHNearest,220.0,62,700
1296,14,Random,99.0,463,900
1297,14,LinGreedy,295.0,88,900
1298,14,LinUCB,323.0,67,900
1299,14,TS,360.0,67,900
1300,14,LinTS,316.0,70,900
1301,14,ClustersTS(L=2),344.0,55,900
1302,14,ClustersTS(L=5),336.0,34,900
1303,14,ClustersTS(L=10),323.0,40,900
1304,14,LSHNearest,307.0,94,900
1305,14,Random,135.0,579,1100
1306,14,LinGreedy,365.0,172,1100
1307,14,LinUCB,427.0,83,1100
1308,14,TS,384.0,207,1100
1309,14,LinTS,398.0,135,1100
1310,14,ClustersTS(L=2),430.0,115,1100
1311,14,ClustersTS(L=5),432.0,67,1100
1312,14,ClustersTS(L=10),406.0,79,1100
1313,14,LSHNearest,372.0,146,1100
1314,14,Random,166.0,692,1300
1315,14,LinGreedy,449.0,211,1300
1316,14,LinUCB,486.0,205,1300
1317,14,TS,405.0,354,1300
1318,14,LinTS,472.0,210,1300
1319,14,ClustersTS(L=2),464.0,233,1300
1320,14,ClustersTS(L=5),496.0,150,1300
1321,14,ClustersTS(L=10),484.0,137,1300
1322,14,LSHNearest,443.0,245,1300
1323,14,Random,198.0,795,1500
1324,14,LinGreedy,492.0,353,1500
1325,14,LinUCB,519.0,356,1500
1326,14,TS,431.0,509,1500
1327,14,LinTS,503.0,380,1500
1328,14,ClustersTS(L=2),473.0,421,1500
1329,14,ClustersTS(L=5),523.0,284,1500
1330,14,ClustersTS(L=10),539.0,226,1500
1331,14,LSHNearest,470.0,393,1500
1332,14,Random,231.0,971,1700
1333,14,LinGreedy,526.0,474,1700
1334,14,LinUCB,519.0,569,1700
1335,14,TS,440.0,693,1700
1336,14,LinTS,519.0,534,1700
1337,14,ClustersTS(L=2),481.0,624,1700
1338,14,ClustersTS(L=5),565.0,404,1700
1339,14,ClustersTS(L=10),580.0,357,1700
1340,14,LSHNearest,489.0,534,1700
1341,14,Random,264.0,1067,1900
1342,14,LinGreedy,545.0,652,1900
1343,14,LinUCB,519.0,766,1900
1344,14,TS,444.0,880,1900
1345,14,LinTS,531.0,715,1900
1346,14,ClustersTS(L=2),483.0,812,1900
1347,14,ClustersTS(L=5),586.0,561,1900
1348,14,ClustersTS(L=10),628.0,460,1900
1349,14,LSHNearest,502.0,687,1900
1350,15,Random,4.0,57,100
1351,15,LinGreedy,8.0,11,100
1352,15,LinUCB,5.0,3,100
1353,15,TS,17.0,2,100
1354,15,LinTS,8.0,5,100
1355,15,ClustersTS(L=2),16.0,1,100
1356,15,ClustersTS(L=5),6.0,3,100
1357,15,ClustersTS(L=10),10.0,3,100
1358,15,LSHNearest,17.0,5,100
1359,15,Random,16.0,143,300
1360,15,LinGreedy,72.0,26,300
1361,15,LinUCB,65.0,12,300
1362,15,TS,75.0,11,300
1363,15,LinTS,62.0,20,300
1364,15,ClustersTS(L=2),71.0,7,300
1365,15,ClustersTS(L=5),75.0,10,300
1366,15,ClustersTS(L=10),69.0,9,300
1367,15,LSHNearest,70.0,18,300
1368,15,Random,54.0,236,500
1369,15,LinGreedy,127.0,34,500
1370,15,LinUCB,156.0,17,500
1371,15,TS,171.0,15,500
1372,15,LinTS,143.0,30,500
1373,15,ClustersTS(L=2),158.0,12,500
1374,15,ClustersTS(L=5),146.0,13,500
1375,15,ClustersTS(L=10),138.0,15,500
1376,15,LSHNearest,135.0,36,500
1377,15,Random,73.0,348,700
1378,15,LinGreedy,219.0,60,700
1379,15,LinUCB,230.0,33,700
1380,15,TS,271.0,19,700
1381,15,LinTS,205.0,64,700
1382,15,ClustersTS(L=2),244.0,19,700
1383,15,ClustersTS(L=5),237.0,18,700
1384,15,ClustersTS(L=10),227.0,24,700
1385,15,LSHNearest,214.0,66,700
1386,15,Random,105.0,458,900
1387,15,LinGreedy,279.0,104,900
1388,15,LinUCB,331.0,64,900
1389,15,TS,358.0,76,900
1390,15,LinTS,325.0,70,900
1391,15,ClustersTS(L=2),352.0,46,900
1392,15,ClustersTS(L=5),347.0,27,900
1393,15,ClustersTS(L=10),318.0,46,900
1394,15,LSHNearest,306.0,90,900
1395,15,Random,138.0,585,1100
1396,15,LinGreedy,378.0,146,1100
1397,15,LinUCB,423.0,101,1100
1398,15,TS,384.0,204,1100
1399,15,LinTS,410.0,108,1100
1400,15,ClustersTS(L=2),424.0,114,1100
1401,15,ClustersTS(L=5),434.0,70,1100
1402,15,ClustersTS(L=10),420.0,68,1100
1403,15,LSHNearest,387.0,150,1100
1404,15,Random,158.0,712,1300
1405,15,LinGreedy,442.0,215,1300
1406,15,LinUCB,493.0,196,1300
1407,15,TS,402.0,351,1300
1408,15,LinTS,464.0,207,1300
1409,15,ClustersTS(L=2),464.0,254,1300
1410,15,ClustersTS(L=5),484.0,166,1300
1411,15,ClustersTS(L=10),488.0,129,1300
1412,15,LSHNearest,432.0,265,1300
1413,15,Random,191.0,809,1500
1414,15,LinGreedy,494.0,331,1500
1415,15,LinUCB,516.0,359,1500
1416,15,TS,425.0,524,1500
1417,15,LinTS,498.0,379,1500
1418,15,ClustersTS(L=2),478.0,430,1500
1419,15,ClustersTS(L=5),520.0,288,1500
1420,15,ClustersTS(L=10),544.0,231,1500
1421,15,LSHNearest,468.0,383,1500
1422,15,Random,245.0,932,1700
1423,15,LinGreedy,524.0,467,1700
1424,15,LinUCB,519.0,570,1700
1425,15,TS,437.0,679,1700
1426,15,LinTS,516.0,546,1700
1427,15,ClustersTS(L=2),479.0,623,1700
1428,15,ClustersTS(L=5),553.0,419,1700
1429,15,ClustersTS(L=10),594.0,323,1700
1430,15,LSHNearest,477.0,531,1700
1431,15,Random,251.0,1105,1900
1432,15,LinGreedy,541.0,644,1900
1433,15,LinUCB,519.0,766,1900
1434,15,TS,445.0,871,1900
1435,15,LinTS,534.0,695,1900
1436,15,ClustersTS(L=2),484.0,816,1900
1437,15,ClustersTS(L=5),595.0,564,1900
1438,15,ClustersTS(L=10),620.0,480,1900
1439,15,LSHNearest,496.0,711,1900
1440,16,Random,4.0,42,100
1441,16,LinGreedy,8.0,9,100
1442,16,LinUCB,7.0,2,100
1443,16,TS,16.0,0,100
1444,16,LinTS,13.0,10,100
1445,16,ClustersTS(L=2),12.0,5,100
1446,16,ClustersTS(L=5),13.0,2,100
1447,16,ClustersTS(L=10),7.0,4,100
1448,16,LSHNearest,15.0,4,100
1449,16,Random,26.0,150,300
1450,16,LinGreedy,53.0,28,300
1451,16,LinUCB,70.0,14,300
1452,16,TS,79.0,6,300
1453,16,LinTS,68.0,22,300
1454,16,ClustersTS(L=2),81.0,3,300
1455,16,ClustersTS(L=5),67.0,3,300
1456,16,ClustersTS(L=10),66.0,18,300
1457,16,LSHNearest,68.0,29,300
1458,16,Random,43.0,240,500
1459,16,LinGreedy,129.0,29,500
1460,16,LinUCB,133.0,26,500
1461,16,TS,174.0,14,500
1462,16,LinTS,125.0,49,500
1463,16,ClustersTS(L=2),150.0,16,500
1464,16,ClustersTS(L=5),138.0,21,500
1465,16,ClustersTS(L=10),143.0,18,500
1466,16,LSHNearest,146.0,40,500
1467,16,Random,82.0,349,700
1468,16,LinGreedy,216.0,68,700
1469,16,LinUCB,238.0,37,700
1470,16,TS,266.0,17,700
1471,16,LinTS,219.0,45,700
1472,16,ClustersTS(L=2),259.0,22,700
1473,16,ClustersTS(L=5),243.0,17,700
1474,16,ClustersTS(L=10),228.0,38,700
1475,16,LSHNearest,225.0,74,700
1476,16,Random,112.0,458,900
1477,16,LinGreedy,287.0,114,900
1478,16,LinUCB,330.0,60,900
1479,16,TS,350.0,69,900
1480,16,LinTS,316.0,74,900
1481,16,ClustersTS(L=2),356.0,43,900
1482,16,ClustersTS(L=5),339.0,32,900
1483,16,ClustersTS(L=10),315.0,47,900
1484,16,LSHNearest,306.0,92,900
1485,16,Random,139.0,558,1100
1486,16,LinGreedy,394.0,137,1100
1487,16,LinUCB,436.0,90,1100
1488,16,TS,380.0,192,1100
1489,16,LinTS,406.0,119,1100
1490,16,ClustersTS(L=2),421.0,112,1100
1491,16,ClustersTS(L=5),432.0,78,1100
1492,16,ClustersTS(L=10),419.0,76,1100
1493,16,LSHNearest,375.0,159,1100
1494,16,Random,165.0,713,1300
1495,16,LinGreedy,447.0,231,1300
1496,16,LinUCB,497.0,195,1300
1497,16,TS,409.0,358,1300
1498,16,LinTS,470.0,215,1300
1499,16,ClustersTS(L=2),458.0,238,1300
1500,16,ClustersTS(L=5),491.0,154,1300
1501,16,ClustersTS(L=10),488.0,126,1300
1502,16,LSHNearest,444.0,248,1300
1503,16,Random,203.0,808,1500
1504,16,LinGreedy,489.0,342,1500
1505,16,LinUCB,518.0,377,1500
1506,16,TS,417.0,519,1500
1507,16,LinTS,505.0,358,1500
1508,16,ClustersTS(L=2),475.0,419,1500
1509,16,ClustersTS(L=5),535.0,271,1500
1510,16,ClustersTS(L=10),533.0,239,1500
1511,16,LSHNearest,458.0,401,1500
1512,16,Random,215.0,983,1700
1513,16,LinGreedy,515.0,486,1700
1514,16,LinUCB,519.0,574,1700
1515,16,TS,444.0,687,1700
1516,16,LinTS,519.0,536,1700
1517,16,ClustersTS(L=2),480.0,628,1700
1518,16,ClustersTS(L=5),553.0,425,1700
1519,16,ClustersTS(L=10),588.0,335,1700
1520,16,LSHNearest,482.0,546,1700
1521,16,Random,264.0,1076,1900
1522,16,LinGreedy,541.0,645,1900
1523,16,LinUCB,519.0,772,1900
1524,16,TS,450.0,861,1900
1525,16,LinTS,525.0,713,1900
1526,16,ClustersTS(L=2),484.0,833,1900
1527,16,ClustersTS(L=5),588.0,570,1900
1528,16,ClustersTS(L=10),626.0,464,1900
1529,16,LSHNearest,498.0,675,1900
1530,17,Random,6.0,49,100
1531,17,LinGreedy,15.0,5,100
1532,17,LinUCB,10.0,4,100
1533,17,TS,13.0,0,100
1534,17,LinTS,9.0,2,100
1535,17,ClustersTS(L=2),10.0,3,100
1536,17,ClustersTS(L=5),8.0,2,100
1537,17,ClustersTS(L=10),8.0,6,100
1538,17,LSHNearest,11.0,6,100
1539,17,Random,21.0,127,300
1540,17,LinGreedy,66.0,21,300
1541,17,LinUCB,70.0,6,300
1542,17,TS,66.0,7,300
1543,17,LinTS,62.0,19,300
1544,17,ClustersTS(L=2),75.0,13,300
1545,17,ClustersTS(L=5),66.0,8,300
1546,17,ClustersTS(L=10),69.0,11,300
1547,17,LSHNearest,71.0,19,300
1548,17,Random,59.0,231,500
1549,17,LinGreedy,140.0,42,500
1550,17,LinUCB,148.0,16,500
1551,17,TS,169.0,12,500
1552,17,LinTS,138.0,25,500
1553,17,ClustersTS(L=2),159.0,11,500
1554,17,ClustersTS(L=5),146.0,10,500
1555,17,ClustersTS(L=10),137.0,19,500
1556,17,LSHNearest,134.0,42,500
1557,17,Random,79.0,355,700
1558,17,LinGreedy,209.0,63,700
1559,17,LinUCB,228.0,40,700
1560,17,TS,283.0,17,700
1561,17,LinTS,219.0,47,700
1562,17,ClustersTS(L=2),246.0,19,700
1563,17,ClustersTS(L=5),236.0,22,700
1564,17,ClustersTS(L=10),227.0,37,700
1565,17,LSHNearest,231.0,59,700
1566,17,Random,113.0,444,900
1567,17,LinGreedy,290.0,118,900
1568,17,LinUCB,329.0,55,900
1569,17,TS,354.0,62,900
1570,17,LinTS,321.0,77,900
1571,17,ClustersTS(L=2),357.0,43,900
1572,17,ClustersTS(L=5),330.0,37,900
1573,17,ClustersTS(L=10),311.0,42,900
1574,17,LSHNearest,301.0,104,900
1575,17,Random,144.0,573,1100
1576,17,LinGreedy,384.0,138,1100
1577,17,LinUCB,427.0,97,1100
1578,17,TS,385.0,192,1100
1579,17,LinTS,411.0,121,1100
1580,17,ClustersTS(L=2),427.0,109,1100
1581,17,ClustersTS(L=5),432.0,66,1100
1582,17,ClustersTS(L=10),413.0,76,1100
1583,17,LSHNearest,381.0,165,1100
1584,17,Random,149.0,710,1300
1585,17,LinGreedy,455.0,216,1300
1586,17,LinUCB,494.0,191,1300
1587,17,TS,407.0,362,1300
1588,17,LinTS,473.0,209,1300
1589,17,ClustersTS(L=2),457.0,254,1300
1590,17,ClustersTS(L=5),483.0,156,1300
1591,17,ClustersTS(L=10),490.0,128,1300
1592,17,LSHNearest,433.0,250,1300
1593,17,Random,190.0,811,1500
1594,17,LinGreedy,483.0,337,1500
1595,17,LinUCB,516.0,372,1500
1596,17,TS,427.0,526,1500
1597,17,LinTS,509.0,380,1500
1598,17,ClustersTS(L=2),474.0,436,1500
1599,17,ClustersTS(L=5),519.0,302,1500
1600,17,ClustersTS(L=10),536.0,224,1500
1601,17,LSHNearest,466.0,362,1500
1602,17,Random,217.0,978,1700
1603,17,LinGreedy,536.0,449,1700
1604,17,LinUCB,519.0,552,1700
1605,17,TS,441.0,700,1700
1606,17,LinTS,519.0,536,1700
1607,17,ClustersTS(L=2),480.0,614,1700
1608,17,ClustersTS(L=5),552.0,414,1700
1609,17,ClustersTS(L=10),582.0,345,1700
1610,17,LSHNearest,489.0,520,1700
1611,17,Random,276.0,1058,1900
1612,17,LinGreedy,540.0,626,1900
1613,17,LinUCB,519.0,752,1900
1614,17,TS,446.0,862,1900
1615,17,LinTS,535.0,703,1900
1616,17,ClustersTS(L=2),482.0,818,1900
1617,17,ClustersTS(L=5),581.0,590,1900
1618,17,ClustersTS(L=10),623.0,469,1900
1619,17,LSHNearest,502.0,688,1900
1620,18,Random,3.0,47,100
1621,18,LinGreedy,5.0,7,100
1622,18,LinUCB,11.0,2,100
1623,18,TS,9.0,4,100
1624,18,LinTS,9.0,7,100
1625,18,ClustersTS(L=2),18.0,2,100
1626,18,ClustersTS(L=5),10.0,2,100
1627,18,ClustersTS(L=10),9.0,3,100
1628,18,LSHNearest,15.0,7,100
1629,18,Random,17.0,144,300
1630,18,LinGreedy,63.0,28,300
1631,18,LinUCB,77.0,12,300
1632,18,TS,79.0,5,300
1633,18,LinTS,61.0,20,300
1634,18,ClustersTS(L=2),75.0,11,300
1635,18,ClustersTS(L=5),73.0,5,300
1636,18,ClustersTS(L=10),68.0,11,300
1637,18,LSHNearest,65.0,23,300
1638,18,Random,50.0,254,500
1639,18,LinGreedy,125.0,34,500
1640,18,LinUCB,143.0,33,500
1641,18,TS,180.0,4,500
1642,18,LinTS,145.0,31,500
1643,18,ClustersTS(L=2),150.0,12,500
1644,18,ClustersTS(L=5),144.0,19,500
1645,18,ClustersTS(L=10),152.0,23,500
1646,18,LSHNearest,142.0,37,500
1647,18,Random,71.0,360,700
1648,18,LinGreedy,214.0,55,700
1649,18,LinUCB,235.0,38,700
1650,18,TS,271.0,16,700
1651,18,LinTS,214.0,64,700
1652,18,ClustersTS(L=2),249.0,14,700
1653,18,ClustersTS(L=5),241.0,28,700
1654,18,ClustersTS(L=10),228.0,27,700
1655,18,LSHNearest,222.0,62,700
1656,18,Random,103.0,480,900
1657,18,LinGreedy,289.0,107,900
1658,18,LinUCB,341.0,60,900
1659,18,TS,348.0,60,900
1660,18,LinTS,309.0,87,900
1661,18,ClustersTS(L=2),351.0,40,900
1662,18,ClustersTS(L=5),337.0,36,900
1663,18,ClustersTS(L=10),306.0,57,900
1664,18,LSHNearest,300.0,99,900
1665,18,Random,144.0,585,1100
1666,18,LinGreedy,376.0,151,1100
1667,18,LinUCB,431.0,95,1100
1668,18,TS,384.0,211,1100
1669,18,LinTS,413.0,119,1100
1670,18,ClustersTS(L=2),421.0,104,1100
1671,18,ClustersTS(L=5),432.0,71,1100
1672,18,ClustersTS(L=10),403.0,79,1100
1673,18,LSHNearest,381.0,147,1100
1674,18,Random,185.0,689,1300
1675,18,LinGreedy,464.0,205,1300
1676,18,LinUCB,501.0,189,1300
1677,18,TS,405.0,344,1300
1678,18,LinTS,472.0,219,1300
1679,18,ClustersTS(L=2),461.0,237,1300
1680,18,ClustersTS(L=5),489.0,161,1300
1681,18,ClustersTS(L=10),481.0,135,1300
1682,18,LSHNearest,444.0,257,1300
1683,18,Random,199.0,850,1500
1684,18,LinGreedy,486.0,340,1500
1685,18,LinUCB,515.0,370,1500
1686,18,TS,427.0,515,1500
1687,18,LinTS,499.0,370,1500
1688,18,ClustersTS(L=2),477.0,435,1500
1689,18,ClustersTS(L=5),519.0,285,1500
1690,18,ClustersTS(L=10),550.0,221,1500
1691,18,LSHNearest,467.0,383,1500
1692,18,Random,232.0,938,1700
1693,18,LinGreedy,527.0,501,1700
1694,18,LinUCB,519.0,572,1700
1695,18,TS,431.0,695,1700
1696,18,LinTS,520.0,534,1700
1697,18,ClustersTS(L=2),475.0,639,1700
1698,18,ClustersTS(L=5),557.0,413,1700
1699,18,ClustersTS(L=10),579.0,340,1700
1700,18,LSHNearest,483.0,529,1700
1701,18,Random,272.0,1077,1900
1702,18,LinGreedy,541.0,634,1900
1703,18,LinUCB,519.0,755,1900
1704,18,TS,445.0,888,1900
1705,18,LinTS,534.0,704,1900
1706,18,ClustersTS(L=2),481.0,816,1900
1707,18,ClustersTS(L=5),583.0,570,1900
1708,18,ClustersTS(L=10),620.0,487,1900
1709,18,LSHNearest,499.0,684,1900
1710,19,Random,2.0,52,100
1711,19,LinGreedy,11.0,8,100
1712,19,LinUCB,11.0,5,100
1713,19,TS,13.0,3,100
1714,19,LinTS,15.0,6,100
1715,19,ClustersTS(L=2),11.0,4,100
1716,19,ClustersTS(L=5),11.0,3,100
1717,19,ClustersTS(L=10),11.0,1,100
1718,19,LSHNearest,10.0,9,100
1719,19,Random,20.0,165,300
1720,19,LinGreedy,61.0,19,300
1721,19,LinUCB,63.0,13,300
1722,19,TS,80.0,4,300
1723,19,LinTS,69.0,18,300
1724,19,ClustersTS(L=2),80.0,6,300
1725,19,ClustersTS(L=5),76.0,8,300
1726,19,ClustersTS(L=10),64.0,11,300
1727,19,LSHNearest,69.0,20,300
1728,19,Random,56.0,240,500
1729,19,LinGreedy,135.0,44,500
1730,19,LinUCB,156.0,23,500
1731,19,TS,167.0,10,500
1732,19,LinTS,146.0,24,500
1733,19,ClustersTS(L=2),150.0,12,500
1734,19,ClustersTS(L=5),157.0,13,500
1735,19,ClustersTS(L=10),143.0,19,500
1736,19,LSHNearest,134.0,55,500
1737,19,Random,71.0,365,700
1738,19,LinGreedy,206.0,71,700
1739,19,LinUCB,229.0,39,700
1740,19,TS,263.0,25,700
1741,19,LinTS,219.0,52,700
1742,19,ClustersTS(L=2),251.0,21,700
1743,19,ClustersTS(L=5),241.0,20,700
1744,19,ClustersTS(L=10),244.0,28,700
1745,19,LSHNearest,213.0,68,700
1746,19,Random,110.0,461,900
1747,19,LinGreedy,286.0,120,900
1748,19,LinUCB,327.0,48,900
1749,19,TS,363.0,71,900
1750,19,LinTS,316.0,62,900
1751,19,ClustersTS(L=2),346.0,49,900
1752,19,ClustersTS(L=5),337.0,30,900
1753,19,ClustersTS(L=10),315.0,56,900
1754,19,LSHNearest,316.0,94,900
1755,19,Random,149.0,554,1100
1756,19,LinGreedy,380.0,137,1100
1757,19,LinUCB,420.0,105,1100
1758,19,TS,383.0,205,1100
1759,19,LinTS,401.0,126,1100
1760,19,ClustersTS(L=2),423.0,117,1100
1761,19,ClustersTS(L=5),428.0,75,1100
1762,19,ClustersTS(L=10),418.0,72,1100
1763,19,LSHNearest,381.0,162,1100
1764,19,Random,176.0,672,1300
1765,19,LinGreedy,442.0,226,1300
1766,19,LinUCB,496.0,204,1300
1767,19,TS,403.0,354,1300
1768,19,LinTS,475.0,217,1300
1769,19,ClustersTS(L=2),460.0,258,1300
1770,19,ClustersTS(L=5),488.0,147,1300
1771,19,ClustersTS(L=10),493.0,131,1300
1772,19,LSHNearest,436.0,247,1300
1773,19,Random,191.0,835,1500
1774,19,LinGreedy,496.0,330,1500
1775,19,LinUCB,519.0,371,1500
1776,19,TS,425.0,495,1500
1777,19,LinTS,501.0,369,1500
1778,19,ClustersTS(L=2),469.0,446,1500
1779,19,ClustersTS(L=5),515.0,289,1500
1780,19,ClustersTS(L=10),542.0,232,1500
1781,19,LSHNearest,469.0,365,1500
1782,19,Random,251.0,924,1700
1783,19,LinGreedy,512.0,481,1700
1784,19,LinUCB,519.0,563,1700
1785,19,TS,430.0,697,1700
1786,19,LinTS,519.0,545,1700
1787,19,ClustersTS(L=2),480.0,620,1700
1788,19,ClustersTS(L=5),550.0,433,1700
1789,19,ClustersTS(L=10),588.0,335,1700
1790,19,LSHNearest,490.0,522,1700
1791,19,Random,278.0,1065,1900
1792,19,LinGreedy,535.0,649,1900
1793,19,LinUCB,519.0,765,1900
1794,19,TS,450.0,874,1900
1795,19,LinTS,533.0,700,1900
1796,19,ClustersTS(L=2),483.0,816,1900
1797,19,ClustersTS(L=5),575.0,551,1900
1798,19,ClustersTS(L=10),613.0,473,1900
1799,19,LSHNearest,503.0,689,1900
